Product,(All)
,
Row Labels,
BUYSIDE,
****** DELETE,
BUGS BUNNY,
DAENERYS TARGERYEN,
JACK SPARROW,
JOHN SNOW,
LUKE SKYWALKER,
Mary Richards,
OBI-WAN KENOBI,
Sheldon Cooper,
Tony Soprano,
YODA YODA,
E TRADING,
****** DELETE,
ARYA STARK,
BRUCE FRESHMAN,
Carlton Banks,
CHARLIE BROWN,
DAMON JAMES,
daryl Dixon,
ELIZABETH BENNET,
JAMES BOND,
Kenneth Parcell,
LANDO CALRISSIAN,
OBI-WAN KENOBI,
Phoebe Buffay,
RAF BROWN,
Sam Malone,
Saul Goodman,
SHERLOCK HOLMES,
SpongeBob SquarePants,
Tina Belcher,
ETSVC_AMER_E TRADING & REGULATORY,
Michael Scott,
SELLSIDE,
 ,
****** DELETE,
BOBA FETT,
DARTH VADER,
Don Draper,
HAN SOLO,
HARRY POTTER,
INDIANA JONES,
Olivia Pope,
Tyrion Lannister,
Walter White,
(blank),
(blank),
Grand Total,
