BIM,Alpha,Bench,CLAW,CSKT,CTCA,CVAL,CVAULT,CUSTOM,EASH,DO_NOT_USE,FMSX,DATA,IB,Reporting, Risk,Standalone,Equity ,FTOMS,FI,Hybrid,FX,GDA,GDI,Adv,OARS,New Issue,Operational,QORT,Recommendation,Research,THUB,TWIFT,UOMS,Book
BUGS BUNNY,BUGS BUNNY,BUGS BUNNY,****** DELETE,****** DELETE,Michael Scott,****** DELETE,Michael Scott,BUGS BUNNY,****** DELETE,BUGS BUNNY,Michael Scott,BUGS BUNNY,BUGS BUNNY,BUGS BUNNY,****** DELETE,****** DELETE,Kenneth Parcell,****** DELETE,Kenneth Parcell,Kenneth Parcell,Kenneth Parcell,Kenneth Parcell,Kenneth Parcell,Kenneth Parcell,****** DELETE,****** DELETE,****** DELETE,BUGS BUNNY,****** DELETE,BUGS BUNNY,,BUGS BUNNY,****** DELETE,Saul Goodman
DAENERYS TARGERYEN,DAENERYS TARGERYEN,DAENERYS TARGERYEN,BOBA FETT,BOBA FETT,Tina Belcher,BOBA FETT,Tina Belcher,DAENERYS TARGERYEN,BOBA FETT,DAENERYS TARGERYEN,Tina Belcher,DAENERYS TARGERYEN,DAENERYS TARGERYEN,DAENERYS TARGERYEN,BOBA FETT,BOBA FETT,OBI-WAN KENOBI,BOBA FETT,OBI-WAN KENOBI,OBI-WAN KENOBI,OBI-WAN KENOBI,OBI-WAN KENOBI,OBI-WAN KENOBI,OBI-WAN KENOBI,BOBA FETT,BOBA FETT,BOBA FETT,DAENERYS TARGERYEN,BOBA FETT,DAENERYS TARGERYEN,,DAENERYS TARGERYEN,BOBA FETT,Tina Belcher
JACK SPARROW,JACK SPARROW,JACK SPARROW,DARTH VADER,DARTH VADER,SHERLOCK HOLMES,DARTH VADER,SHERLOCK HOLMES,JACK SPARROW,DARTH VADER,JACK SPARROW,SHERLOCK HOLMES,JACK SPARROW,JACK SPARROW,JACK SPARROW,DARTH VADER,DARTH VADER,DAMON JAMES,DARTH VADER,DAMON JAMES,DAMON JAMES,DAMON JAMES,DAMON JAMES,DAMON JAMES,DAMON JAMES,DARTH VADER,DARTH VADER,DARTH VADER,JACK SPARROW,DARTH VADER,JACK SPARROW,,JACK SPARROW,DARTH VADER,RAF BROWN
JOHN SNOW,JOHN SNOW,JOHN SNOW,Don Draper,Don Draper,RAF BROWN,Don Draper,RAF BROWN,JOHN SNOW,Don Draper,JOHN SNOW,RAF BROWN,JOHN SNOW,JOHN SNOW,JOHN SNOW,Don Draper,Don Draper,ELIZABETH BENNET,Don Draper,ELIZABETH BENNET,ELIZABETH BENNET,ELIZABETH BENNET,ELIZABETH BENNET,ELIZABETH BENNET,ELIZABETH BENNET,Don Draper,Don Draper,Don Draper,JOHN SNOW,Don Draper,JOHN SNOW,,JOHN SNOW,Don Draper,Carlton Banks
LUKE SKYWALKER,LUKE SKYWALKER,LUKE SKYWALKER,HAN SOLO,HAN SOLO,ARYA STARK,HAN SOLO,ARYA STARK,LUKE SKYWALKER,HAN SOLO,LUKE SKYWALKER,ARYA STARK,LUKE SKYWALKER,LUKE SKYWALKER,LUKE SKYWALKER,HAN SOLO,HAN SOLO,Carlton Banks,HAN SOLO,Carlton Banks,Carlton Banks,Carlton Banks,Carlton Banks,Carlton Banks,Carlton Banks,HAN SOLO,HAN SOLO,HAN SOLO,LUKE SKYWALKER,HAN SOLO,LUKE SKYWALKER,,LUKE SKYWALKER,HAN SOLO,ARYA STARK
Mary Richards,Mary Richards,Mary Richards,HARRY POTTER,HARRY POTTER,Carlton Banks,HARRY POTTER,Carlton Banks,Mary Richards,HARRY POTTER,Mary Richards,Carlton Banks,Mary Richards,Mary Richards,Mary Richards,HARRY POTTER,HARRY POTTER,SHERLOCK HOLMES,HARRY POTTER,SHERLOCK HOLMES,SHERLOCK HOLMES,SHERLOCK HOLMES,SHERLOCK HOLMES,SHERLOCK HOLMES,SHERLOCK HOLMES,HARRY POTTER,HARRY POTTER,HARRY POTTER,Mary Richards,HARRY POTTER,Mary Richards,,Mary Richards,HARRY POTTER,
OBI-WAN KENOBI,OBI-WAN KENOBI,OBI-WAN KENOBI,INDIANA JONES,INDIANA JONES,Kenneth Parcell,INDIANA JONES,Kenneth Parcell,OBI-WAN KENOBI,INDIANA JONES,OBI-WAN KENOBI,Kenneth Parcell,OBI-WAN KENOBI,OBI-WAN KENOBI,OBI-WAN KENOBI,INDIANA JONES,INDIANA JONES,Tina Belcher,INDIANA JONES,Tina Belcher,Tina Belcher,Tina Belcher,Tina Belcher,Tina Belcher,Tina Belcher,INDIANA JONES,INDIANA JONES,INDIANA JONES,OBI-WAN KENOBI,INDIANA JONES,OBI-WAN KENOBI,,OBI-WAN KENOBI,INDIANA JONES,
Sheldon Cooper,Sheldon Cooper,Sheldon Cooper,Olivia Pope,Olivia Pope,Phoebe Buffay,Olivia Pope,Phoebe Buffay,Sheldon Cooper,Olivia Pope,Sheldon Cooper,Phoebe Buffay,Sheldon Cooper,Sheldon Cooper,Sheldon Cooper,Olivia Pope,Olivia Pope,RAF BROWN,Olivia Pope,RAF BROWN,RAF BROWN,RAF BROWN,RAF BROWN,RAF BROWN,RAF BROWN,Olivia Pope,Olivia Pope,Olivia Pope,Sheldon Cooper,Olivia Pope,Sheldon Cooper,,Sheldon Cooper,Olivia Pope,
Tony Soprano,Tony Soprano,Tony Soprano,Tyrion Lannister,Tyrion Lannister,Saul Goodman,Tyrion Lannister,Saul Goodman,Tony Soprano,Tyrion Lannister,Tony Soprano,Saul Goodman,Tony Soprano,Tony Soprano,Tony Soprano,Tyrion Lannister,Tyrion Lannister,,Tyrion Lannister,,,,,,,Tyrion Lannister,Tyrion Lannister,Tyrion Lannister,Tony Soprano,Tyrion Lannister,Tony Soprano,,Tony Soprano,Tyrion Lannister,
YODA YODA,YODA YODA,YODA YODA,Walter White,Walter White,Sam Malone,Walter White,Sam Malone,YODA YODA,Walter White,YODA YODA,Sam Malone,YODA YODA,YODA YODA,YODA YODA,Walter White,Walter White,,Walter White,,,,,,,Walter White,Walter White,Walter White,YODA YODA,Walter White,YODA YODA,,YODA YODA,Walter White,
,,,,,ELIZABETH BENNET,,ELIZABETH BENNET,,,,ELIZABETH BENNET,,,,,BUGS BUNNY,,,,,,,,,,BUGS BUNNY,BUGS BUNNY,,BUGS BUNNY,,,,,
,,,,,DAMON JAMES,,DAMON JAMES,,,,DAMON JAMES,,,,,DAENERYS TARGERYEN,,,,,,,,,,DAENERYS TARGERYEN,DAENERYS TARGERYEN,,DAENERYS TARGERYEN,,,,,
,,,,,LANDO CALRISSIAN,,LANDO CALRISSIAN,,,,LANDO CALRISSIAN,,,,,JACK SPARROW,,,,,,,,,,JACK SPARROW,JACK SPARROW,,JACK SPARROW,,,,,
,,,,,BRUCE FRESHMAN,,BRUCE FRESHMAN,,,,BRUCE FRESHMAN,,,,,JOHN SNOW,,,,,,,,,,JOHN SNOW,JOHN SNOW,,JOHN SNOW,,,,,
,,,,,OBI-WAN KENOBI,,OBI-WAN KENOBI,,,,OBI-WAN KENOBI,,,,,LUKE SKYWALKER,,,,,,,,,,LUKE SKYWALKER,LUKE SKYWALKER,,LUKE SKYWALKER,,,,,
,,,,,JAMES BOND,,JAMES BOND,,,,JAMES BOND,,,,,Mary Richards,,,,,,,,,,Mary Richards,Mary Richards,,Mary Richards,,,,,
,,,,,,,,,,,,,,,,OBI-WAN KENOBI,,,,,,,,,,OBI-WAN KENOBI,OBI-WAN KENOBI,,OBI-WAN KENOBI,,,,,
,,,,,,,,,,,,,,,,Sheldon Cooper,,,,,,,,,,Sheldon Cooper,Sheldon Cooper,,Sheldon Cooper,,,,,
,,,,,,,,,,,,,,,,Tony Soprano,,,,,,,,,,Tony Soprano,Tony Soprano,,Tony Soprano,,,,,
,,,,,,,,,,,,,,,,YODA YODA,,,,,,,,,,YODA YODA,YODA YODA,,YODA YODA,,,,,
